age,income,credit_score,loan_amount,employment_years,num_accounts,num_loans,monthly_expenses,savings,debt_ratio,approved
56,25287,829,33402,12,4,4,2498,58382,0.68,1
46,54387,320,35542,15,5,1,3557,38098,0.41,1
32,28512,819,11651,29,4,2,2584,4655,0.93,0
60,21342,399,34703,2,3,1,4928,83029,0.09,0
25,83076,777,14395,18,5,2,902,46228,0.51,1
38,39216,597,30808,11,9,4,913,3771,0.92,0
56,113070,825,37576,15,8,3,544,74099,0.9,1
36,99767,633,17715,26,8,3,4657,56799,0.16,1
40,117829,301,45409,10,8,2,2967,62257,0.37,1
28,46614,674,25306,9,8,3,1367,17558,0.62,1
28,56258,592,20086,24,7,4,518,99468,0.16,1
41,113789,617,15376,19,8,3,864,58436,0.97,1
53,62078,801,6889,3,8,4,4332,92103,0.91,1
57,103524,680,38822,11,8,1,1079,32376,0.17,1
41,116573,313,37636,22,7,4,1045,87458,0.12,1
20,32219,803,21584,1,1,0,4650,77924,0.09,1
39,20235,530,35610,23,4,0,3539,29332,0.91,0
19,62929,383,11058,21,4,0,4637,46737,0.19,1
41,87444,429,10101,18,5,2,4544,89031,0.42,1
61,28567,444,13497,24,6,2,4826,73970,0.45,1
47,90792,327,5658,4,4,2,952,51952,0.6,1
55,85441,365,12381,7,2,4,4461,20991,0.07,1
19,104555,462,41312,6,6,2,1881,27472,0.23,1
38,93698,528,41486,13,8,1,1967,59946,0.93,1
50,25415,560,47619,23,8,0,3238,26849,0.91,0
29,56159,748,18154,22,7,4,1716,1541,0.78,1
39,63925,723,20539,2,6,0,1380,2765,0.02,1
61,25951,759,12777,17,2,2,4314,43074,0.33,1
42,107388,600,35396,15,7,4,3649,29283,0.63,1
44,28007,602,31373,22,5,3,584,769,0.28,1
59,61832,586,34154,18,6,1,4644,17806,0.91,1
45,78596,694,7031,18,8,2,1668,90518,0.63,1
33,50523,309,28997,17,8,2,4664,2972,0.07,1
32,108861,569,7439,19,3,1,3629,18256,0.91,1
64,106740,660,23785,15,7,1,4145,18653,0.96,1
61,35524,556,14392,7,1,3,3026,86669,0.08,1
20,39282,432,29669,27,1,2,3367,39339,0.53,0
54,43930,575,29939,0,7,2,4016,25757,0.3,0
24,20077,812,3282,16,9,0,3867,42399,0.39,1
38,40611,612,35624,11,7,4,2694,44013,0.18,1
26,36984,583,49438,29,5,4,4055,97605,0.58,0
56,34060,420,25364,20,8,0,945,14706,0.96,0
35,102985,406,2998,10,2,4,4126,38231,0.5,1
21,104056,503,32705,4,9,1,4516,27909,0.08,1
42,63303,464,39244,26,6,4,4375,76631,0.62,1
31,79207,604,10428,11,9,4,3837,57572,0.34,1
26,95046,796,38437,16,2,0,761,85879,0.86,1
43,49287,455,13336,5,3,3,2348,63767,0.43,1
19,113709,666,10342,0,8,4,4525,26469,0.19,1
37,59711,550,40832,4,1,4,2766,1313,0.19,1
45,31954,633,8446,24,7,3,591,7847,0.77,0
64,93340,810,39392,27,7,0,4722,50222,0.27,1
24,92101,592,8461,13,1,3,4675,74702,0.77,1
61,91520,319,35587,4,9,0,3809,9930,0.21,1
25,107062,581,11516,21,8,1,1482,3285,0.32,1
64,38574,300,14749,23,4,0,3943,35863,0.47,1
52,29184,418,18514,26,5,1,3033,16704,0.94,0
31,39096,334,36426,0,2,1,1193,18705,0.93,0
34,87728,497,37268,29,9,0,4620,555,0.21,1
53,54016,784,25950,17,6,2,655,21323,0.36,1
57,31246,358,35888,15,3,0,4088,70968,0.15,1
21,65558,460,37788,8,7,4,2312,66922,0.51,1
19,38381,505,11213,18,9,4,4614,53915,0.46,1
23,56455,311,37027,21,3,2,1907,10619,0.9,1
59,112263,789,29011,4,2,1,1716,72390,0.93,1
21,24018,575,43849,26,7,2,1910,59274,0.38,1
46,31302,541,35591,1,7,4,3997,73173,0.49,0
35,87506,515,18858,29,4,2,4872,21225,0.9,1
43,61157,550,19626,14,9,0,1051,26739,0.81,1
61,74917,425,14467,6,8,2,3894,47708,0.0,1
51,112738,516,40758,3,1,1,1676,53019,0.32,1
27,116646,605,4134,0,1,0,4832,76154,0.42,1
53,103122,484,17743,12,5,3,1497,7373,0.23,1
31,44519,338,16434,19,6,4,4576,35281,0.2,1
48,116809,522,48775,21,3,4,3231,20187,0.04,1
32,107487,483,11233,6,9,2,4437,67863,0.64,1
25,76819,794,2141,14,6,0,4552,97927,0.26,1
31,100910,726,19019,22,4,3,872,84085,0.05,1
40,91324,477,21384,13,7,0,2748,39220,0.23,1
57,25408,727,43903,22,8,4,1348,7642,0.8,0
38,79379,593,46734,18,9,0,3056,79971,0.85,1
33,45053,450,37129,21,6,3,2822,55556,0.48,1
62,29446,683,23967,28,6,2,1003,33760,0.42,1
35,20922,607,41603,23,8,1,3689,38192,0.98,1
64,118723,635,12172,19,5,0,1202,4381,0.2,1
41,71356,674,17390,28,3,1,4125,96583,0.22,1
43,30789,307,4267,23,3,4,814,19558,0.29,1
42,117720,640,40332,17,6,2,2876,30782,0.17,1
62,86656,428,27167,9,2,2,1540,4782,0.38,1
58,64028,651,22312,8,6,0,4878,91417,0.91,1
46,84484,657,28840,24,6,2,3490,54712,0.62,1
32,52154,816,19990,7,8,0,757,94945,0.41,1
62,102870,794,45179,25,7,0,1074,19462,0.93,1
18,22336,385,6906,29,8,1,2052,60030,0.05,1
42,87779,474,49796,28,9,2,1257,68519,0.21,1
24,39029,492,41379,9,6,0,3310,56411,0.57,0
26,79201,610,18297,16,3,1,1604,55206,0.62,1
41,52265,418,3011,1,3,3,3959,97469,0.04,1
18,63872,517,45014,5,1,1,4492,46950,0.4,1
61,66197,726,47558,25,5,1,703,2523,0.65,1
25,75180,713,12738,4,4,0,3275,60926,0.7,1
41,43710,413,29797,27,9,4,2832,9677,0.64,0
28,49486,444,48498,29,9,4,2492,75828,0.32,1
34,91907,837,12120,8,5,4,2743,15089,0.09,1
25,91895,602,9767,4,4,1,806,4581,0.43,1
52,84435,644,23852,17,7,0,2187,11907,0.13,1
52,60631,300,14703,25,6,2,4609,5609,0.95,0
50,40103,446,1929,19,4,1,2360,51153,0.48,1
22,84772,586,12951,8,2,1,2461,50539,0.32,1
59,34382,352,27039,16,1,0,1222,44143,0.77,0
56,104291,603,49613,26,4,3,1279,22936,0.5,1
58,23756,368,30504,16,4,1,1028,50182,0.31,1
45,40609,660,18438,11,1,3,843,99524,0.81,1
24,36478,519,49515,6,6,3,4286,95042,0.87,0
26,59666,460,6744,26,4,4,4182,13163,0.67,1
25,95683,388,19284,2,1,0,708,59758,0.05,1
29,119097,458,43417,9,1,3,3906,46057,0.57,1
51,91315,788,40748,1,1,0,1811,12537,0.76,1
50,97834,623,8069,24,8,4,2799,22419,0.14,1
40,34153,680,43359,2,8,0,3836,42578,0.23,1
41,96325,401,20799,15,2,1,2447,74991,0.88,1
54,32999,793,34210,1,7,3,1419,74599,0.02,1
52,75318,318,29226,27,8,0,2544,834,0.75,0
61,20814,753,5652,23,8,2,918,32214,0.47,1
57,96077,781,25323,9,7,0,2249,92934,0.45,1
39,110474,696,43138,5,5,3,3342,2413,0.01,1
44,22443,578,8597,21,1,4,1599,9505,0.82,0
52,95993,664,48093,25,9,4,3892,2105,0.36,1
18,95916,630,38226,10,7,3,3272,68104,0.54,1
52,93319,643,7591,22,2,1,2980,58408,0.68,1
54,37368,754,26833,6,6,1,2045,37679,0.7,1
64,35328,364,12826,26,2,4,1570,99096,0.96,0
31,76942,375,27417,28,1,4,2350,79731,0.53,1
20,111751,442,19693,14,7,3,4698,65131,0.4,1
18,119131,772,15138,5,2,1,3439,64280,0.95,1
22,47306,716,3169,19,2,4,2403,15762,0.64,1
43,105451,604,19556,26,5,1,1178,58703,0.3,1
31,59915,796,23052,8,5,4,1488,81434,0.13,1
56,57219,590,7313,21,7,0,2975,63079,0.84,1
44,100879,401,9315,19,1,2,2107,21577,0.36,1
26,84644,566,9036,11,8,0,3369,1214,0.66,0
32,80279,302,32778,18,3,4,2002,86339,0.47,1
32,73028,384,28734,19,4,2,2289,48114,0.2,1
43,20126,627,24173,2,9,2,1925,89234,0.6,0
59,72329,749,31403,14,4,4,2940,63230,0.06,1
30,47632,753,1785,1,5,4,2542,32980,0.41,1
49,85310,520,7139,29,7,1,1778,67194,0.55,1
56,75176,453,7344,20,4,4,3094,77806,0.44,1
49,106066,311,19800,1,1,3,2936,37792,0.75,0
21,64327,432,26372,21,9,4,4303,45807,0.83,1
47,88904,603,21538,2,4,3,2705,22301,0.77,1
54,23797,592,15973,5,9,4,1527,5141,0.04,0
40,67882,599,6619,14,6,1,4039,13777,0.19,1
56,33718,342,35704,26,1,3,3983,38346,0.54,0
62,54560,642,37575,9,3,0,2741,54703,0.93,1
32,96589,625,40919,8,2,3,3265,94977,0.83,1
60,42116,797,43261,0,9,1,1673,47819,0.84,0
46,56244,663,46123,15,1,3,3730,28469,0.3,1
53,21645,726,28716,5,9,4,3850,3845,0.43,1
30,67523,320,4236,8,9,4,903,23290,0.47,1
49,39256,706,16848,26,8,1,3225,30699,0.16,1
24,73173,635,3352,3,8,2,3882,44252,0.03,1
39,57430,416,2932,26,1,4,4663,98682,0.95,1
45,59282,423,11913,27,8,0,587,3293,0.24,1
19,83374,698,9556,1,3,1,1658,57089,0.24,1
59,88244,350,22300,28,7,3,4773,16608,0.08,1
62,31694,623,6498,3,1,3,3357,66273,0.93,1
23,76264,440,11582,0,1,0,1881,16619,0.58,0
45,95060,769,47633,18,5,4,2564,78006,0.67,1
45,117416,633,10569,25,5,1,2874,87908,0.91,1
61,77545,672,5857,24,8,0,817,81653,0.35,1
61,59224,793,1340,9,7,4,2002,14779,0.62,1
37,117945,838,44949,20,8,1,2542,51040,0.04,1
47,33224,455,17766,14,6,3,2522,94830,0.19,1
28,60738,590,27132,26,6,1,618,56325,0.83,1
45,45150,443,9491,21,2,2,1209,21630,0.77,0
42,83731,405,1138,18,6,1,4057,12178,0.35,1
56,69688,719,1358,15,5,2,4640,19935,0.38,1
50,119929,301,10714,20,3,1,4909,47258,0.53,1
18,93509,389,20840,26,6,2,3750,22784,0.0,1
44,28577,644,35395,23,8,3,917,63722,0.24,1
30,28070,649,31654,21,9,4,3103,23027,0.21,1
58,28666,758,26879,3,1,2,4354,96544,0.25,1
20,77761,562,16996,1,3,2,1601,57853,0.81,0
56,56368,650,38772,29,3,3,4921,67359,0.28,1
23,26783,407,27762,24,8,2,3928,72388,0.19,1
25,61914,338,14283,12,1,0,2761,78608,0.5,1
44,90507,458,40420,27,5,3,4669,76669,0.87,1
26,99026,611,20554,0,3,0,4134,15111,0.24,1
54,87526,540,21219,16,2,3,1008,32312,0.08,1
50,90835,744,35919,12,8,2,2879,24161,0.36,1
59,65765,597,10429,3,3,0,3664,67313,0.75,1
61,39956,335,47840,6,7,2,1187,50374,0.55,0
41,107895,383,45695,16,1,3,1792,24014,0.82,1
32,66240,751,40673,8,6,2,4405,80308,0.96,1
49,57148,684,20218,3,3,0,3575,46389,0.79,1
49,114270,471,13452,18,8,0,3709,18161,0.6,1
41,24757,675,49980,0,6,2,824,7490,0.49,0
58,39097,661,19951,9,2,1,2493,24502,0.04,1
29,30395,440,2307,3,6,3,4476,35757,0.98,0
56,36241,417,15852,8,7,3,3270,41111,0.38,1
19,47696,576,26232,12,5,2,4872,98273,0.15,1
20,90480,519,36428,13,3,1,3083,83245,0.67,1
54,66163,325,44171,9,4,0,4057,58645,0.28,1
34,39816,820,27485,5,4,4,4087,59055,0.59,1
19,69840,309,11238,15,6,4,651,8998,0.59,0
19,72853,677,39975,5,1,2,1454,28906,0.45,1
45,44917,451,2140,16,4,1,4854,70192,0.84,0
40,116731,348,25842,9,4,1,2871,50477,0.26,1
54,41566,453,27421,17,1,3,1691,36901,0.45,1
49,95452,592,2708,26,9,0,1187,91271,0.54,1
50,82823,349,4630,21,4,1,809,52021,0.66,1
18,40806,830,20595,17,7,4,2002,29092,0.78,1
36,95520,359,11485,2,3,0,3627,1242,0.39,0
19,21759,466,29308,19,3,0,3867,1831,0.65,0
61,61949,501,45789,26,8,2,3895,50721,0.15,1
43,112374,445,27086,20,8,1,1313,28511,0.93,1
49,22482,738,17859,24,1,2,1345,72782,0.38,1
23,44442,541,8684,27,2,1,1664,97003,0.73,0
49,53719,782,26552,14,8,3,2267,18302,0.02,1
21,78066,407,2207,14,1,2,854,55568,0.21,1
28,113501,525,47099,3,8,2,2372,3232,0.49,1
34,22079,731,2960,28,8,4,2524,51507,0.88,1
55,22717,718,1557,26,2,2,3317,76508,0.53,1
41,79676,754,30689,8,4,1,4332,10683,0.93,1
22,47952,459,49651,26,6,4,4775,23664,0.48,1
51,106444,822,14893,25,9,2,565,33172,0.49,1
23,62460,376,33272,18,8,2,4766,83641,0.12,1
39,110397,808,1882,23,8,3,4590,64340,0.8,1
28,92847,740,38529,27,7,2,3021,87236,0.25,1
33,113607,553,39635,16,9,0,3081,11017,0.9,1
50,109106,619,30535,10,2,4,1890,36613,0.91,1
26,38449,562,13869,24,3,0,1630,86130,0.94,0
23,53536,673,8166,8,8,4,2986,76920,0.52,1
33,84077,466,13982,9,6,3,1334,30348,0.68,1
46,58258,758,41697,17,9,2,726,16448,0.78,1
20,68302,579,39115,19,4,2,4015,9491,0.13,1
37,48865,601,8269,12,8,2,2943,78648,0.6,1
53,26645,830,29064,7,3,4,1227,96557,0.03,1
36,58000,517,14527,6,3,2,4186,58759,0.5,1
43,46737,401,3454,16,8,0,4122,44553,0.15,1
20,31485,587,21878,20,5,2,1536,968,0.18,0
36,58565,466,13991,22,3,3,2332,368,0.37,1
37,45522,335,3808,14,1,0,3240,73960,0.43,1
49,85155,652,40410,19,3,2,992,35010,0.62,1
24,75168,372,37593,14,9,2,2048,54154,0.07,1
58,72487,652,37304,0,5,1,1643,35851,0.5,1
50,32342,369,31386,24,2,4,4457,25496,0.18,1
57,60806,724,49077,13,7,0,3907,30936,0.57,1
56,68770,816,4802,4,2,1,1139,78858,0.64,1
35,98623,727,29753,10,4,3,672,67005,0.56,1
57,119785,838,22083,15,7,4,4854,37493,0.74,1
18,95629,459,19354,1,4,0,4459,69795,0.34,1
28,72603,448,23190,7,7,2,1016,36390,0.77,1
45,101974,529,7142,10,7,0,1022,10292,0.43,1
42,46399,366,29398,28,1,2,2417,92377,0.48,1
40,105382,680,42862,17,6,4,3386,28365,0.65,1
48,101244,357,34132,2,9,2,2664,17207,0.02,1
47,96534,558,20503,29,2,3,2429,22912,0.65,1
59,75106,641,49456,25,3,2,4445,80771,0.62,1
52,50678,429,35631,0,5,3,2709,56572,0.31,1
24,96218,471,17499,10,9,4,4283,99083,0.09,1
33,83230,508,40852,15,4,4,3090,19276,0.09,1
43,94055,653,9016,17,1,0,4576,97459,0.92,1
19,76373,770,3384,29,4,3,1593,5534,0.69,1
18,51480,415,16072,15,6,3,4380,92005,0.13,1
29,105230,563,37703,22,5,1,2994,35670,0.36,1
22,88836,741,46895,9,1,1,3079,62147,0.59,1
54,92258,847,15482,17,4,1,2988,98099,0.84,1
49,59986,752,41510,5,6,2,3285,36486,0.04,1
26,44160,776,49933,18,4,1,3258,65557,0.24,1
58,105595,586,22826,3,9,3,2074,34268,0.89,1
52,99111,602,3490,26,5,2,2873,81335,0.01,1
36,84929,610,47092,12,8,4,4490,26336,0.2,1
33,93506,507,26518,23,9,0,1593,3641,0.96,0
20,54911,745,25045,13,5,1,1689,87132,0.61,1
37,107127,354,27910,2,6,4,3189,32959,0.26,1
41,51821,311,25566,9,1,3,4595,13306,0.07,1
50,95039,699,34905,5,7,0,2375,46182,0.03,1
41,80535,814,28103,0,4,4,3906,74123,0.24,1
28,104458,841,37188,22,2,0,2287,56326,0.88,1
25,32175,536,6845,23,5,1,4432,96895,0.42,1
53,74771,578,22162,26,3,3,2107,21498,0.72,1
55,106925,647,37674,13,6,0,4248,70198,0.92,1
57,86358,403,20337,7,8,4,548,27197,0.41,1
37,37327,816,23313,18,7,1,4361,20719,0.19,1
52,67057,547,27943,13,3,1,2680,90201,0.52,1
42,26150,663,13413,9,8,4,3546,25032,0.91,1
52,24425,620,1276,16,2,4,3333,59624,0.8,1
42,36032,585,18611,8,9,0,1897,78177,0.07,1
46,22198,448,40105,28,4,2,4326,41964,0.69,0
35,80500,383,12944,5,1,1,1331,30028,0.57,1
63,73394,705,16906,10,8,0,3197,54646,0.91,1
35,40079,755,21536,24,7,4,3235,81187,0.12,1
19,56220,460,28810,6,5,0,581,8536,0.53,0
52,61874,759,13306,16,5,4,586,56747,0.88,1
33,33859,849,11503,27,7,3,2563,45712,0.41,1
58,70460,799,20225,27,5,4,1321,6273,0.48,1
53,51419,808,37976,0,8,4,662,71820,0.07,1
50,28705,780,12590,21,6,4,4239,91228,0.28,1
21,62880,413,11886,4,5,2,2897,74353,0.32,1
50,43236,660,13866,8,9,4,2432,94491,0.95,1
31,107955,640,2088,17,2,1,3228,92091,0.28,1
38,105514,748,4363,23,1,1,4035,85914,0.46,1
37,35358,479,33792,26,8,0,3946,50830,0.67,0
25,119713,706,10764,20,3,2,3290,17127,0.16,1
24,114914,495,21620,1,7,0,3207,83488,0.49,1
20,96918,765,43727,28,8,1,4433,11539,0.74,1
34,34596,610,13935,25,6,1,3885,46761,0.87,1
50,53572,561,9068,10,9,3,1422,46219,0.63,1
29,98757,718,8295,26,7,4,2675,14692,0.67,1
39,21279,705,42160,27,5,1,2082,83656,0.13,1
39,83197,442,12390,5,8,0,1064,13334,0.95,1
63,82516,641,42216,25,2,0,3758,28615,0.13,1
47,27083,615,21131,7,7,4,3097,7903,0.77,0
55,37771,400,30218,3,4,4,3000,28527,0.26,1
55,49975,543,11433,17,9,3,1487,15629,0.93,0
62,65648,789,16038,27,1,2,4136,58008,0.72,1
25,68285,311,29182,10,7,0,723,83276,0.75,1
44,39063,538,12528,4,6,4,850,99318,0.22,1
44,87642,341,22281,14,8,0,2428,26708,0.44,1
51,110093,728,49511,27,5,4,848,10860,0.62,1
38,106143,457,9605,17,1,1,4777,17438,0.77,1
47,57599,515,35782,1,1,0,1517,67300,0.1,1
50,71920,761,2381,21,9,1,2726,71545,0.96,1
45,48529,433,2098,10,6,0,4624,20842,0.89,0
64,55954,366,20810,25,5,2,2919,60213,0.27,1
50,47856,306,25322,24,1,3,2393,42372,0.82,0
22,22573,825,42869,12,6,1,3540,98971,0.52,1
36,98344,372,33955,3,6,4,2568,68906,0.46,1
21,55367,698,45716,21,3,2,1625,38744,0.31,1
52,119608,704,11207,6,8,0,3617,57442,0.58,1
34,80774,429,22793,28,1,1,4661,85990,0.73,1
61,43752,765,3092,10,1,0,4542,3650,0.41,1
45,75029,505,29220,21,6,0,4933,45117,0.63,1
47,37685,565,19514,23,1,0,2670,91244,0.7,0
46,71693,836,39010,3,6,3,946,52772,0.71,1
63,75961,552,9549,27,1,3,3158,3190,0.05,1
23,96908,588,23031,14,6,4,3862,48113,0.86,1
52,94532,463,6185,0,3,1,3218,8789,0.46,0
58,101994,394,16271,22,8,2,3983,32125,0.26,1
54,76133,409,6776,2,6,2,3444,98695,0.24,1
41,117425,635,13449,13,1,2,4876,17459,0.48,1
46,81268,537,25297,5,5,0,1095,35418,0.89,1
63,112201,680,41591,17,8,3,2486,47085,0.38,1
48,58243,735,16717,24,3,1,3250,18768,0.75,1
52,77384,782,41123,0,6,0,1574,49961,0.1,1
50,51653,324,40233,5,5,3,4469,81099,0.48,1
38,46657,416,46505,5,6,3,4805,27885,0.99,0
49,59952,781,47092,20,1,1,4721,87421,0.77,1
40,42180,691,11350,15,7,1,4080,61082,0.21,1
50,117432,836,31622,28,9,1,3507,6895,0.5,1
20,98411,378,36323,4,2,0,1469,50311,0.23,1
35,21622,472,3951,16,5,4,1080,89494,0.41,1
42,68756,311,18622,9,4,1,3324,67067,0.78,1
59,60809,427,5727,27,6,4,4501,71017,0.77,1
48,36725,391,39454,20,6,0,1711,23932,0.23,1
20,81396,842,37469,17,2,4,729,21360,0.92,1
57,71226,831,36548,6,2,2,4784,54847,0.59,1
63,101182,746,24782,2,4,4,3685,90365,0.38,1
41,102565,689,29454,12,1,1,1001,85468,0.5,1
49,49402,342,3368,14,9,0,2632,38931,0.61,0
64,24263,553,16592,19,7,1,548,55823,0.56,0
39,116523,429,23173,18,7,2,4066,38032,0.49,1
40,66828,359,34204,2,3,1,3555,81426,0.5,0
19,67924,766,36596,3,3,1,1188,18807,0.18,1
44,94182,586,35324,4,1,1,886,11767,0.81,1
59,113065,816,47132,0,3,3,1469,8071,0.54,0
19,79052,766,24864,3,3,2,3960,53413,0.13,1
43,31664,644,48829,11,4,1,1505,26149,0.77,1
34,55737,681,31750,27,4,1,3552,15540,0.93,1
57,109563,552,11576,26,3,1,3917,70248,0.95,1
50,49373,355,17566,23,8,0,2802,91737,0.37,1
26,56397,762,8190,9,8,3,2783,85435,0.14,1
60,106145,756,24071,22,1,0,2107,19787,0.52,1
56,58709,382,39333,24,7,3,4866,20982,0.11,1
46,81120,398,16369,20,2,1,622,22606,0.93,1
59,39250,448,25035,28,1,2,1780,10150,0.18,1
43,41172,628,2589,25,3,4,4227,85929,0.25,1
52,31555,455,26235,19,4,4,758,46936,0.41,1
42,107410,489,1159,23,6,1,1447,93286,0.38,1
41,98617,793,13145,24,5,0,1024,8593,0.79,1
30,73276,562,16373,12,4,2,1387,17358,0.46,1
24,77492,379,32921,22,8,3,707,82143,0.17,1
53,73002,699,40323,13,4,1,3882,37381,0.27,1
62,109599,559,17237,22,2,2,3294,90347,0.51,1
37,92355,400,42971,4,3,2,648,28074,0.15,1
18,111248,658,9244,3,6,3,937,20595,0.61,1
25,44762,679,15743,13,8,2,2702,44194,0.57,1
63,31046,520,32566,9,8,0,4249,49377,0.71,0
33,116999,719,47101,16,9,0,3661,26853,0.94,1
31,48769,423,47109,9,7,0,4401,73719,0.91,0
29,73302,721,19691,25,2,2,4953,20661,0.95,1
40,43150,530,34996,6,8,0,3745,50493,0.24,1
32,88247,362,6590,15,7,3,3323,36495,0.13,1
45,24853,784,6585,0,8,2,3770,13703,0.3,1
51,114613,782,10227,16,3,4,985,53080,0.9,1
19,109399,818,29278,20,7,2,699,30815,0.97,1
49,41792,454,39814,28,9,3,4966,29565,0.86,0
40,79129,391,13237,8,3,4,2482,63321,0.11,1
39,94478,825,16649,5,6,2,1971,58453,0.95,1
42,87298,754,38713,18,2,0,4843,88478,0.42,1
39,51987,809,8927,12,2,1,2811,33161,0.01,1
39,35850,482,46409,2,5,1,3873,55991,0.44,0
59,32112,685,49766,6,5,0,2578,9716,0.05,1
23,44058,704,47154,21,7,1,2021,33349,0.54,1
32,65420,545,8016,8,2,1,1104,47098,0.34,1
60,58890,770,15027,21,7,0,4348,132,0.47,1
54,86017,722,49688,4,5,0,3842,51990,0.61,1
50,67304,364,25142,9,6,2,1917,68921,0.87,1
25,52921,312,47520,22,8,2,4375,36538,0.66,1
61,21524,512,24545,16,4,0,3433,99279,0.43,1
61,35048,541,32897,11,7,3,1048,7213,0.82,0
22,55111,792,4167,22,6,1,1338,44223,0.91,1
56,57904,512,45757,15,2,2,4315,91655,0.12,1
21,74912,637,27917,2,8,1,1347,68371,0.53,1
23,54008,472,23736,29,9,4,4754,68274,0.28,1
62,20060,463,28990,24,5,0,4968,4134,0.05,0
49,94666,764,15087,21,4,3,2772,91428,0.67,1
47,103559,796,23440,8,6,4,3820,39601,0.86,1
64,75337,694,36205,28,8,4,3058,73889,0.16,1
52,33350,607,16275,14,3,4,4811,15690,0.81,1
57,44354,482,6276,4,1,0,2496,1909,0.85,0
33,65186,809,42627,22,4,2,4173,91239,0.91,1
30,48145,845,41586,12,4,0,2064,80032,0.27,1
59,54020,526,38496,13,1,2,4518,12062,0.9,1
47,106123,735,20008,19,9,4,2340,75386,0.32,1
36,95186,721,6738,14,3,4,3791,93237,0.55,1
34,105469,320,33402,15,5,3,3387,34731,0.05,1
36,40581,696,6793,22,6,2,1226,5153,0.04,1
45,108929,404,38291,12,8,4,1744,10481,0.72,1
43,43051,491,6571,16,6,1,3960,99270,0.44,1
54,71474,316,32331,22,3,3,4218,66425,0.26,1
43,111748,419,17209,7,6,0,1565,63600,0.19,1
40,89626,692,49014,20,1,3,782,84981,0.67,1
26,26960,724,26394,1,4,1,1581,71997,0.0,1
29,55772,428,44148,4,6,2,4385,28205,0.81,1
18,41520,429,26682,5,7,0,3381,88887,0.08,1
18,69481,328,3224,11,3,0,3084,81542,0.19,1
64,56408,396,42157,17,9,2,3470,44149,0.39,1
51,114006,309,49695,29,7,3,1652,49112,0.48,1
49,77134,541,45452,21,1,4,3997,10940,0.35,1
42,40491,531,44408,21,2,3,1447,59010,0.32,1
57,21341,583,33441,0,1,1,2217,76794,0.96,0
62,64623,499,42430,29,9,4,566,24485,0.64,1
18,110327,378,40129,16,9,3,1136,89299,0.02,1
33,20338,472,35716,29,7,2,813,1067,0.43,0
56,91431,766,45859,10,3,1,3897,20607,0.88,1
22,32254,715,27586,9,5,1,1064,61597,0.3,1
39,71860,748,45760,18,4,1,2101,74554,0.09,1
46,31344,386,24478,13,7,4,1325,48521,0.76,0
20,21750,400,7318,25,9,0,4170,15187,0.61,0
29,74756,307,29694,9,2,4,1525,3985,0.57,0
43,87957,499,21180,14,8,3,2751,43052,0.05,1
33,78053,804,13180,27,9,0,1304,19563,0.14,1
54,90855,386,34002,18,9,3,2951,47322,0.62,1
39,35896,342,16372,3,7,0,1891,61245,0.21,1
46,75761,684,30796,1,9,4,1735,51514,0.5,1
31,82552,734,25427,8,9,1,4532,18608,0.54,1
45,97454,707,34290,9,3,2,3780,67262,0.28,1
22,110600,782,29099,27,4,1,4049,92118,0.95,1
64,47935,316,46486,10,2,4,4700,71327,0.84,0
47,57641,447,10821,13,3,0,4641,57225,0.72,1
63,49711,576,6832,6,5,1,1854,73994,0.08,1
22,90342,531,13820,22,5,4,2336,17221,0.11,1
29,32182,665,17211,14,6,3,3392,48506,0.49,1
33,107833,527,40890,21,7,2,2996,20968,0.16,1
43,76276,735,6842,18,7,1,3083,82606,0.98,1
43,39541,698,2316,21,1,0,3058,27937,0.16,1
38,114457,510,46968,14,2,3,4118,62435,0.49,1
56,102310,690,18508,29,9,4,2059,49508,0.36,1
53,64813,798,23005,27,2,2,2007,41831,0.64,1
50,57198,839,16206,23,6,0,4571,42933,0.13,1
47,28820,790,19971,7,1,4,2563,47307,0.43,1
54,44070,741,26599,10,3,4,4142,48340,0.27,1
40,89768,560,23056,28,2,1,2500,86338,0.89,1
27,31122,649,2378,8,3,1,1794,43601,0.04,1
22,100559,651,2519,14,5,0,4565,75956,0.91,1
53,93543,819,23161,0,6,4,3252,72178,0.83,1
51,103441,619,41703,29,9,1,2253,85311,0.3,1
48,61786,437,39861,0,4,2,4710,28754,0.79,0
27,114934,849,6355,18,7,2,2103,43310,0.03,1
36,119804,667,10083,2,6,4,1822,69893,0.97,1
49,26737,519,39342,9,2,1,2941,86799,0.53,0
18,56062,636,21456,7,8,0,1598,48367,0.3,1
22,74237,522,14324,14,7,0,2005,13201,0.36,1
62,71571,659,3257,9,7,0,1626,2739,0.07,1
21,45510,628,28364,0,8,2,796,13231,0.99,0
33,39426,762,25972,28,1,1,3549,42495,0.04,1
41,57265,681,47179,17,1,1,2725,21168,0.65,1
33,37850,468,27654,1,8,2,4854,32624,0.44,0
19,86150,516,16233,18,4,0,4287,10635,0.95,1
45,107312,677,16887,12,5,0,2596,9964,0.25,1
49,109613,418,30320,21,8,4,4109,27785,0.53,1
44,94910,489,21808,0,5,3,2708,95046,0.48,1
37,72375,669,31154,1,4,1,675,82797,0.7,1
41,55435,448,35773,28,6,1,3002,84790,0.07,1
29,116443,787,28747,15,5,1,4499,76928,0.19,1
52,77132,673,11860,14,7,3,2167,12336,0.21,1
50,98945,459,43838,12,7,4,4871,77475,0.74,1
50,102050,650,43156,15,4,3,3045,27412,0.19,1
60,115402,587,19156,16,5,0,1175,82212,0.57,1
54,22983,587,21360,20,3,0,2323,75379,0.22,1
29,117241,525,19135,28,4,1,1856,45591,0.86,1
20,40662,822,26351,28,4,2,3572,61750,0.94,1
18,43510,821,31499,6,3,1,3759,90648,0.52,1
50,98187,572,48377,23,5,2,1046,96134,0.35,1
57,60998,701,24554,25,5,3,2583,35454,0.23,1
27,76846,482,20604,16,7,0,2540,98537,0.05,1
60,114071,787,17923,6,4,2,2252,62672,0.27,1
61,26640,423,48591,12,4,3,2115,27228,0.65,0
46,64547,713,9547,4,9,0,2349,14429,0.53,1
30,74620,471,45283,25,6,2,3142,84294,0.94,1
29,35317,587,34002,16,4,1,2100,67808,0.4,1
48,27564,734,15562,2,2,1,3896,82886,0.69,0
63,47345,412,8480,6,6,1,4902,53015,0.49,1
19,114223,421,27672,25,2,3,4105,88074,0.51,1
52,99273,843,5213,16,5,1,4299,68936,0.27,1
40,94859,521,11293,6,6,4,1118,80907,0.45,1
34,100765,338,35441,20,4,0,1632,57378,0.47,1
43,94038,796,3100,0,3,3,2615,37310,0.71,1
25,72393,532,45617,16,7,1,2839,83683,0.94,1
46,86081,829,29172,29,2,0,3239,68827,0.33,1
43,49430,448,21132,16,6,2,4776,35256,0.04,1
27,95532,696,19199,10,4,1,1987,76428,0.5,1
43,47788,601,37609,24,6,0,2057,99862,0.54,1
51,115505,659,43965,26,4,4,2613,38889,0.17,1
58,68543,537,9016,28,4,2,1544,51428,0.76,1
24,33919,535,40779,2,4,4,2931,37207,0.98,0
21,89346,502,38261,14,9,0,2082,50255,0.95,1
62,116122,555,32881,28,7,4,1808,91531,0.2,1
28,59974,534,18058,20,3,0,1101,5409,0.88,0
46,36371,644,25472,10,3,0,2120,42438,0.7,1
53,65084,833,42346,25,6,4,600,95359,0.45,1
42,49629,765,35926,27,6,0,4771,7869,0.54,0
38,71184,840,35832,15,4,1,737,56862,0.85,1
53,81916,512,37021,24,9,0,4525,87937,0.48,1
27,93972,762,25087,21,4,3,3418,25958,0.37,1
54,82187,735,13828,27,9,0,3042,76302,0.49,1
26,32984,582,32128,8,4,3,2503,19768,0.58,0
41,53039,762,2401,23,2,0,2037,96330,0.19,1
52,105431,706,20643,23,2,0,1254,26145,0.9,1
52,103691,387,16193,0,5,4,3868,75622,0.67,0
53,78606,343,27853,28,4,1,2758,26442,0.63,1
35,30616,760,45864,24,7,1,4165,81948,0.1,1
56,70072,577,21307,21,5,2,4735,25596,0.6,1
49,44574,720,37982,15,6,4,1040,75791,0.12,1
41,23430,652,20611,8,4,4,769,42406,0.08,1
40,32676,814,44791,18,2,1,3960,40524,0.53,1
49,30816,318,12950,11,9,4,3908,23332,0.4,1
54,52733,322,11704,18,7,1,1005,15764,0.59,1
29,105680,712,44111,21,4,4,1629,27563,0.09,1
30,22050,329,12867,8,3,0,2579,87675,0.43,1
40,53933,407,3745,6,3,1,3645,36370,0.17,1
42,44951,666,4866,13,9,1,3742,5062,0.99,0
52,52413,580,33245,28,5,3,861,44645,0.56,1
58,54801,427,45724,18,3,4,4220,7244,0.69,0
47,75619,528,6818,18,5,4,1956,6372,0.33,1
34,52913,410,49861,1,2,1,4567,85501,0.09,1
37,60600,435,31116,8,4,0,4695,64471,0.98,1
42,77775,661,16493,12,2,0,2181,16956,0.29,1
39,110816,485,29038,14,2,0,1552,40473,0.42,1
30,110093,428,21447,2,8,4,3009,13894,0.65,0
36,55400,560,31431,10,1,3,1181,98918,0.02,1
53,24494,814,18908,20,7,1,4432,69586,0.81,1
29,100688,748,30336,13,5,2,2629,16709,0.54,1
58,109431,403,41992,29,8,3,4516,81258,0.28,1
36,94691,782,5025,24,1,2,3802,15210,0.06,1
29,117419,523,21093,7,7,3,1219,49510,0.16,1
26,63001,790,7155,17,5,0,574,38674,0.9,1
24,87364,772,47607,18,4,4,1793,17733,0.69,1
45,65028,309,34487,15,7,2,2422,20080,0.25,1
31,117659,704,48658,1,2,3,4657,53412,0.07,1
48,57573,601,21963,7,1,4,819,58971,0.69,1
36,20806,530,21936,21,1,2,2649,39709,0.57,0
64,76638,365,5426,5,1,1,1952,59846,0.4,1
33,49757,411,24303,11,5,3,2055,65480,0.36,1
22,54636,312,46280,14,7,1,4707,52960,0.22,1
52,100097,692,28606,24,2,0,3532,41152,0.67,1
29,68280,799,48832,7,8,1,960,27250,0.97,1
42,44262,533,29151,3,4,1,1386,85765,0.18,1
38,100435,613,14767,14,3,3,4033,48137,0.6,1
53,82211,311,12308,27,8,0,4436,82011,0.42,1
40,74842,508,45245,19,2,1,1615,46412,0.45,1
33,76979,313,46671,24,3,4,1575,43876,0.25,1
56,101470,717,25770,16,3,2,4376,94547,0.83,1
62,58197,736,29572,12,1,1,2424,73664,0.49,1
59,61844,676,42448,17,6,0,1426,50227,0.54,1
56,84754,319,3204,1,2,1,2781,32450,0.3,1
31,54157,369,28233,12,1,2,1555,84433,0.18,1
48,97129,510,22729,12,2,0,1041,73704,0.09,1
22,60042,400,32131,21,6,3,2661,6861,0.71,0
52,81665,431,34870,14,4,0,2751,61914,0.2,1
40,102856,680,39011,19,6,3,1552,63888,0.69,1
46,47376,431,40382,28,9,0,3244,79286,0.39,1
60,75554,319,42475,26,8,2,4369,61293,0.42,1
28,34199,835,47681,9,1,2,4981,82524,0.47,1
35,101412,526,22607,28,8,0,4657,68515,0.37,1
64,70948,453,25968,2,9,1,2060,23524,0.1,1
29,93781,768,34398,18,6,2,4262,7065,0.31,1
26,92750,704,12908,2,5,3,1664,37684,0.66,1
27,86262,501,27423,21,6,3,3222,88720,0.67,1
61,66600,337,44615,13,6,4,2858,33365,0.29,1
34,96898,487,10171,7,9,3,970,58876,0.46,1
55,82483,356,13721,26,4,4,1916,23704,0.19,1
24,38297,319,17616,22,2,0,1968,57857,0.21,1
63,50448,572,43512,29,9,0,1308,5622,0.02,1
30,46172,418,39458,3,2,0,671,83797,0.9,0
57,62874,815,47169,26,9,1,4626,93955,0.21,1
59,27657,520,8659,27,2,1,4642,91141,0.23,1
26,104386,825,44369,19,8,4,4725,94707,0.28,1
44,45425,814,12704,10,9,3,2899,87700,0.13,1
19,46685,635,33793,25,9,3,2145,79332,0.64,1
22,44578,354,49152,10,9,0,557,96856,0.08,1
46,48831,799,47473,26,2,2,1629,66201,0.13,1
54,27906,835,32226,29,4,1,1853,32694,0.64,1
55,81413,461,24852,10,7,1,1267,89766,0.34,1
36,74028,458,33082,1,2,0,4395,22995,0.71,0
25,27287,487,23794,29,1,1,1182,92320,0.56,0
62,53660,359,42420,16,3,0,3954,80141,0.26,1
18,95758,618,14379,8,4,4,2508,82999,0.65,1
39,80504,510,8006,27,8,3,3642,8419,0.12,1
34,79720,705,9682,27,6,2,2290,47952,0.54,1
24,54701,408,34840,1,2,3,1977,33837,0.44,1
42,103300,375,33430,28,9,3,1385,70799,0.27,1
62,37674,841,24091,23,2,4,4406,48877,0.6,1
21,103560,613,33983,14,5,1,4992,45687,0.87,1
53,43874,416,24989,15,4,2,2038,99667,1.0,0
23,63642,318,10915,24,7,1,2573,37276,0.61,1
48,117820,731,43552,3,8,3,812,34523,0.4,1
36,85160,649,19990,7,5,0,1310,66055,0.23,1
61,37602,482,25734,8,5,3,2735,54615,0.26,1
56,108801,412,15824,25,2,1,3357,96642,0.48,1
44,45931,482,37081,25,8,3,3263,10514,0.37,1
27,114377,780,12033,4,2,0,2532,47456,0.91,1
43,49192,445,43736,15,6,4,2007,7233,0.37,0
36,66542,412,17241,12,8,1,3070,1102,0.37,1
56,62520,775,6939,29,6,3,2394,66133,0.38,1
20,84772,602,48464,6,4,1,3205,46715,0.84,1
62,78762,417,48562,25,4,4,1096,85193,0.65,1
30,70106,460,36063,19,6,3,2647,6256,0.61,0
45,101121,700,35464,16,4,3,1115,64800,0.33,1
37,45559,497,12185,2,8,1,1447,94937,0.82,0
45,53742,559,28045,4,9,1,4873,41548,0.04,1
25,89669,346,45769,18,1,0,4264,72090,0.87,1
58,100199,698,48118,11,4,4,2513,78200,0.51,1
56,41754,377,20167,28,4,0,4197,42367,0.4,1
18,23972,423,37412,26,2,3,990,89922,0.5,0
20,90831,374,22625,6,6,1,4850,70382,0.67,1
30,61873,436,40188,27,3,3,2928,26205,0.01,1
45,114661,699,28076,8,7,3,1041,25570,0.87,1
42,29903,804,45605,27,5,2,1787,30255,0.45,1
50,23020,799,20029,5,4,2,2133,21182,0.34,1
55,61755,437,23973,28,5,3,3426,39373,0.14,1
23,105956,349,40121,25,8,1,1852,43019,0.44,1
61,106988,553,32433,16,3,3,4876,62619,0.5,1
62,65648,725,44309,15,7,2,1798,16043,0.4,1
49,29516,846,2932,22,6,1,4467,45532,0.68,1
62,22396,601,45254,2,1,3,4923,65936,0.42,1
64,104082,648,2757,20,7,4,2758,19239,0.96,1
38,39129,348,31722,25,7,4,2573,10416,0.6,0
33,21591,373,38853,3,1,3,1201,3412,0.81,0
38,31303,560,39405,9,9,1,2419,81976,0.11,1
28,50561,655,2116,4,6,3,2960,24406,0.4,1
54,91719,559,44527,20,2,3,4762,1875,0.34,1
53,112108,594,12691,21,5,2,4764,37066,0.57,1
52,119616,612,1492,29,4,4,4824,5752,0.86,1
36,106231,481,28882,9,7,2,866,86753,0.08,1
37,27314,663,9811,11,8,2,1027,78025,0.07,1
35,39623,487,28808,9,1,3,4218,1353,0.85,0
64,87675,842,25272,28,5,2,4109,26986,0.21,1
58,116826,847,29399,12,3,4,4435,86907,0.67,1
31,85082,707,7474,10,1,2,2653,14691,0.54,1
32,103624,713,27956,21,3,4,2408,69847,0.83,1
48,53130,641,48153,15,6,2,3512,48075,0.13,1
18,71756,519,43506,7,7,4,4728,10794,0.13,1
20,117624,462,14979,7,8,2,3522,68470,0.56,1
33,46292,519,45523,26,4,2,3983,16406,0.95,0
40,106206,569,43565,24,3,1,3220,75930,0.41,1
28,89274,699,29328,7,5,4,2270,26872,0.33,1
29,22469,481,48375,12,9,4,4613,41708,0.61,0
27,73947,504,13867,26,6,4,2277,20800,0.93,1
49,42534,527,26851,1,9,0,4712,43397,0.84,0
33,83620,549,32279,29,6,2,1297,37909,1.0,1
25,68874,740,31527,29,2,4,3715,21352,0.02,1
55,69708,832,8866,11,5,0,4288,93848,0.11,1
29,94553,495,16449,9,9,1,3476,15438,0.61,1
41,88344,818,11685,11,8,4,4237,88921,0.82,1
45,69138,369,24544,10,7,4,2211,44999,0.29,1
25,74302,698,6451,14,1,0,1252,18482,0.24,1
45,67638,502,22642,15,4,2,2969,32471,0.79,1
53,98249,447,42316,16,7,1,4469,47279,0.06,1
43,22719,771,40954,25,7,4,1892,54213,0.37,1
25,42890,498,39870,1,6,2,3105,13026,0.51,0
45,97236,725,32030,17,8,1,1177,85184,0.56,1
45,56509,791,31873,11,6,3,605,5435,0.73,1
54,62534,441,1619,18,3,3,3787,8493,0.35,1
58,112241,612,34650,25,4,1,2446,72227,0.61,1
53,38787,464,26372,22,3,0,1595,59321,0.59,0
44,68845,613,4642,17,1,1,2282,2763,0.55,1
34,77932,320,29001,29,5,1,3757,20389,0.64,1
26,112124,381,35064,16,1,0,2497,31498,0.26,1
50,111659,430,30290,29,1,0,2061,63755,0.08,1
37,53062,604,15122,5,2,2,4506,35825,0.12,1
30,95713,670,25820,24,4,2,2175,16934,0.22,1
45,107263,683,3895,14,6,0,1622,5574,0.5,1
46,115756,744,6366,2,8,3,4481,38179,0.84,1
30,80461,724,9711,5,3,3,1801,1587,0.7,1
63,95418,460,20596,2,1,1,1443,42782,0.79,0
52,86672,477,19793,29,3,4,1445,54412,0.35,1
23,54832,789,9199,28,3,1,1100,60561,0.4,1
35,51966,626,11717,0,5,1,3200,77224,0.39,1
22,92545,588,37191,29,4,4,1917,4409,0.19,1
64,32987,653,11211,12,4,0,2024,71319,0.06,1
42,57311,327,46550,27,9,3,4266,99016,0.59,1
19,51575,342,24360,20,7,1,750,26751,0.99,1
27,83852,722,22542,25,4,4,2044,38174,0.17,1
47,21007,476,32312,13,3,2,578,56572,0.05,1
62,90981,828,46242,12,6,1,3623,61416,0.78,1
22,96242,793,37435,26,3,3,1397,12041,0.25,1
50,67517,497,29247,3,6,0,725,23227,0.83,1
18,49257,816,23357,6,9,1,1709,35201,0.7,1
35,107272,813,42045,21,6,1,2678,36069,0.95,1
49,62207,321,28691,9,4,4,3179,82190,0.41,1
64,33281,411,13424,6,5,2,3385,26370,0.66,0
28,81246,356,19852,20,6,2,3306,95018,0.46,1
38,21435,365,23601,14,3,0,1203,11586,0.63,0
43,118875,397,19020,14,8,3,3044,50231,0.45,1
42,111357,443,9155,3,4,0,2870,5322,0.19,1
39,46660,734,4583,22,8,1,3781,65294,0.51,1
44,25084,385,16515,22,3,1,828,79468,0.53,0
30,102197,643,37777,5,7,2,4728,29299,0.81,1
50,33507,593,20710,23,9,3,620,90715,0.74,0
51,92595,542,44178,19,4,4,1464,70793,0.66,1
58,103807,331,25532,25,8,3,4724,46501,0.11,1
52,65539,690,19601,4,3,1,4175,57134,0.72,1
18,27491,576,5967,19,7,4,2576,9777,0.5,0
38,70192,831,19753,11,3,3,832,11249,0.89,1
23,100395,453,21022,0,7,3,3868,21390,0.92,0
45,83888,682,44463,27,6,4,1816,20369,0.06,1
34,93609,367,10135,7,2,1,1696,12881,0.82,1
22,29077,513,6722,0,3,3,3670,9587,0.04,0
48,40953,675,28413,4,6,4,1929,93800,0.37,1
22,96919,512,28236,21,4,1,855,74327,0.54,1
55,87889,378,16514,5,6,4,4734,87911,0.15,1
20,43821,680,44896,28,1,4,2026,88147,0.75,1
40,57567,357,38212,20,1,3,4397,7833,0.01,1
54,44860,325,41386,2,3,1,528,47013,0.17,0
54,41195,746,21331,14,8,3,1513,63620,0.58,1
27,97475,365,19060,4,8,0,3202,15754,0.71,1
27,110874,553,2196,27,4,0,1327,78113,0.92,1
36,107266,343,13297,23,6,1,4946,96631,0.71,1
34,41427,396,3787,13,8,4,2524,86784,0.67,0
38,47083,526,24816,17,7,3,798,35282,0.39,1
31,107046,735,41695,15,7,3,2365,36737,0.0,1
26,77372,678,20702,5,4,1,4516,97427,0.12,1
63,64064,477,26242,24,9,1,2611,24124,0.53,1
18,27813,726,3176,23,6,0,1254,70102,0.68,1
62,51598,606,21127,13,3,2,1269,2196,0.42,1
30,113106,803,42560,26,5,1,4235,61527,0.73,1
21,47082,567,28228,23,5,2,1738,96651,0.52,0
18,49241,307,21208,7,5,1,2713,85395,0.07,1
57,116214,807,29482,28,8,4,2406,11345,0.19,1
49,64569,775,10171,6,9,4,2064,34077,0.84,1
51,31745,596,36219,7,9,0,1718,66400,0.72,0
45,46029,463,34396,12,6,0,1857,12055,0.89,0
48,33025,784,43589,5,6,2,4339,85283,0.12,1
25,34288,371,41546,17,9,1,1960,44484,0.99,0
56,109186,537,4696,1,4,3,4485,77514,0.21,1
43,26540,403,21058,7,6,0,1916,90135,0.01,1
51,117768,509,21313,10,4,3,3353,35771,1.0,1
20,101958,767,20149,0,1,3,1928,57654,0.28,1
29,88878,753,46740,21,7,1,4878,46540,0.67,1
18,61846,567,42075,28,6,2,4974,83151,0.18,1
61,95932,685,5956,5,9,1,4793,29377,0.58,1
22,37482,686,11195,15,7,0,3562,95567,0.9,1
47,43411,558,18076,26,7,3,3571,49573,0.32,1
47,70975,582,2105,19,2,1,1055,42733,0.67,1
34,80545,339,16417,11,9,1,855,11760,0.19,1
64,98797,785,25729,10,9,1,2063,99250,0.62,1
40,72307,519,47956,28,6,0,4000,25762,0.34,1
32,23093,428,31099,26,3,2,1540,50986,0.21,1
54,97258,819,33598,28,1,1,3186,34332,0.31,1
38,42042,559,30961,9,4,0,4974,40100,0.18,1
31,72930,665,13602,2,3,3,3053,4944,0.9,0
19,64413,843,10256,12,1,4,2279,48825,0.4,1
28,113623,823,21584,26,3,0,575,13877,0.25,1
56,117883,315,47980,2,4,4,4826,29990,0.45,1
55,53756,428,35681,14,8,1,3819,99612,0.32,1
51,73268,408,26792,15,9,1,2849,55283,0.74,1
55,59214,832,22904,28,3,0,3273,3258,0.97,1
51,101871,568,44361,12,6,4,2762,31629,0.44,1
35,48602,461,35540,16,5,1,3729,37579,0.86,0
47,73331,559,27536,2,6,3,2616,22958,0.57,0
32,68901,401,20164,19,4,2,892,39465,0.16,1
44,119986,805,13996,10,6,2,1608,85853,0.69,1
51,83416,546,3871,26,7,1,4862,15775,0.51,1
55,52196,836,47002,20,9,4,1110,76575,0.65,1
50,25626,430,23626,18,7,1,3275,94633,0.89,0
41,27424,652,11521,21,6,4,4498,34207,0.44,1
32,32857,495,44410,10,1,3,1172,22553,0.9,0
47,39982,681,2132,29,2,4,4177,53632,0.75,1
59,96961,526,34467,27,1,1,530,55,0.49,1
34,21980,775,15534,15,9,3,1900,88697,0.6,1
22,68290,776,24854,20,9,0,4571,32873,0.33,1
46,46431,564,43998,2,7,2,1116,80720,0.98,0
21,104976,671,40065,21,2,1,3286,66205,0.67,1
27,102711,785,46607,5,6,1,1370,78199,0.04,1
34,46385,733,8812,13,4,1,4696,25318,0.33,1
27,58158,510,5557,23,1,3,4104,33734,0.62,1
34,43019,676,3179,17,1,0,1912,82227,0.06,1
37,38639,694,44798,16,5,4,3239,18522,0.02,1
41,105530,749,10065,3,2,0,1440,11656,0.45,1
22,119911,663,9275,22,4,3,840,15893,0.33,1
51,41563,756,48857,14,1,1,3408,16493,0.44,1
23,59341,525,36948,10,4,2,4633,3632,0.26,1
19,25776,430,21700,25,6,1,1159,95872,0.16,1
30,56444,775,40464,2,4,4,2533,88648,0.69,1
60,88916,576,43351,2,1,2,2060,61779,0.51,0
60,28711,455,28794,15,7,1,3957,38452,0.2,1
28,94318,517,29783,4,2,2,2156,13266,0.32,1
64,102970,489,17998,20,9,0,3475,61607,0.59,1
40,105553,716,14869,28,3,3,1549,16940,0.07,1
33,50707,845,45525,9,8,1,953,24003,0.15,1
48,59110,340,29152,18,8,4,2204,98408,0.07,1
28,81788,606,21954,24,3,0,3284,34815,0.81,1
33,102879,637,32555,3,4,1,1318,30869,0.75,1
25,58827,613,17654,28,2,0,512,49297,0.75,1
21,25655,374,46026,28,4,4,4479,60107,0.72,0
57,64859,578,36236,18,9,1,1420,82793,0.67,1
21,73625,475,47976,10,2,4,2918,16682,0.48,1
42,72098,572,16042,1,3,2,1814,19622,0.64,0
20,35251,588,26966,9,4,4,4177,30408,0.04,1
49,20526,571,49407,28,5,2,2517,8837,0.62,0
20,88760,365,45314,10,1,1,1728,64210,0.78,1
44,67837,782,46095,24,7,2,2934,15407,0.5,1
46,31536,547,15270,19,7,1,3368,29309,0.36,1
49,48541,455,31908,15,9,1,3015,71918,0.28,1
36,99083,346,16523,18,4,3,1938,93190,0.64,1
38,71027,753,48068,22,6,1,4664,18895,0.69,1
22,54531,500,20991,23,2,2,4043,99087,0.87,1
35,28712,423,11775,10,4,3,3675,86912,0.34,1
45,85455,300,13265,13,2,3,2281,370,0.77,0
59,94744,490,20459,1,5,1,2763,486,0.56,0
39,25109,815,17673,22,7,4,2469,23762,0.88,1
38,69268,741,28056,27,1,4,711,26613,0.53,1
23,74615,442,7614,4,7,3,1007,3196,0.52,0
18,102503,490,37020,26,6,1,831,94937,0.58,1
22,49759,832,8415,4,6,4,1050,76349,0.75,1
58,105708,526,24155,18,8,1,1441,64839,0.96,1
29,80112,612,44884,20,8,1,1227,41916,0.07,1
43,46589,601,17964,11,6,3,3362,8572,0.05,1
63,50015,759,38726,17,3,3,3743,28225,0.94,1
51,49009,700,38044,3,5,0,1148,45853,0.53,1
31,103309,692,38544,21,2,4,3237,49390,0.61,1
43,82046,506,33252,16,5,4,3247,32275,0.48,1
62,46143,509,4832,9,9,4,1509,72379,0.09,1
44,26154,414,26275,19,1,2,2050,1105,0.77,0
26,41804,550,15901,5,5,1,1303,59896,0.75,0
43,61688,518,39213,24,6,3,4580,43209,0.31,1
64,84288,706,35148,13,7,4,4809,97175,0.31,1
39,71195,742,43633,10,9,0,4764,42487,0.84,1
64,40581,653,23918,10,6,4,3901,18051,0.07,1
47,72648,849,47694,28,5,1,4741,94244,0.88,1
60,50087,441,20540,17,7,1,3661,77400,0.26,1
34,69930,800,12580,26,1,3,4655,66961,0.59,1
43,52981,846,39402,22,5,2,1027,60156,0.94,1
53,89298,841,39578,21,2,3,3798,57175,0.68,1
18,66167,806,25917,17,4,4,1523,6849,0.41,1
25,95304,580,23318,23,7,0,4234,18976,0.69,1
52,63408,723,11179,22,5,3,932,99794,0.34,1
32,59499,569,13251,10,6,2,1676,56866,0.28,1
64,72269,453,46899,20,2,3,900,47078,1.0,1
39,58559,382,20493,11,3,1,2604,31113,0.75,1
31,94319,725,21466,4,7,4,3550,15401,0.64,1
43,115317,574,31206,22,2,4,2733,12884,0.36,1
45,116347,583,46475,8,6,4,2945,84360,0.05,1
40,68787,472,20624,26,5,4,3335,37563,0.03,1
31,55488,626,27564,24,1,4,3013,34414,0.55,1
41,94441,362,23412,8,4,4,2273,16142,0.76,1
19,94663,372,28990,21,2,0,1596,71492,0.54,1
62,42431,674,36517,9,4,2,1428,79464,0.84,1
43,81681,807,14156,21,1,4,2451,75257,0.03,1
31,83483,697,24064,18,2,2,2473,76693,0.37,1
24,69153,419,26711,0,8,4,2054,35135,0.24,1
20,26368,736,31106,6,6,3,3278,72232,0.45,1
64,47424,764,17589,3,2,4,4921,27862,0.07,1
40,65004,585,24736,0,6,1,1494,5190,0.95,0
63,103869,564,21975,14,9,0,1112,70199,0.22,1
60,108652,619,37218,7,7,3,3093,4331,0.92,1
64,76985,675,8214,11,9,3,1095,52186,0.43,1
62,70069,388,31581,21,5,1,1341,44648,0.99,1
35,72326,502,21195,21,7,4,4939,28549,0.55,1
55,101061,633,45582,17,7,0,1358,81782,0.93,1
52,43398,521,28127,14,3,3,944,25761,0.01,1
32,118393,340,6141,16,7,0,2288,3262,0.75,0
42,70861,367,29884,28,1,3,4817,51259,0.9,1
54,95897,813,25885,13,9,4,3954,72572,0.14,1
45,101905,426,3708,13,6,3,4452,53472,0.1,1
27,88577,554,19375,17,5,3,1530,87858,0.42,1
56,85641,315,16088,19,7,2,1795,84667,0.93,1
34,29078,776,45602,17,5,4,2563,4677,0.54,0
56,45003,361,46046,15,5,1,1947,73508,0.53,0
39,82768,731,11014,0,7,1,2545,80865,0.14,1
43,71047,567,4273,22,7,4,3350,50617,0.0,1
61,91626,334,48135,26,3,1,4324,86029,0.81,1
42,77660,793,38306,10,3,4,2568,18595,0.09,1
34,69786,768,31881,14,3,1,4261,87459,0.63,1
30,21925,624,32486,11,6,2,2775,60148,0.91,1
37,103976,603,13541,7,6,1,2308,46926,0.21,1
42,46015,575,9712,21,3,3,1811,75271,0.67,0
21,53320,500,10168,19,3,4,4555,34457,0.08,1
27,84881,744,4551,29,8,0,2951,42531,0.6,1
20,110827,623,13297,5,8,0,1589,73263,0.16,1
58,46289,334,44733,2,7,4,2172,73300,0.74,0
62,23389,781,28128,27,4,2,4175,63171,0.3,1
35,45683,779,3832,23,4,1,4854,45771,0.46,1
64,33629,364,29483,25,3,2,2503,93135,0.6,0
53,81550,307,23063,29,5,0,4698,66354,0.17,1
64,44826,600,23963,12,3,4,1624,37289,0.74,0
39,46630,642,14422,12,8,4,1721,33892,0.3,1
51,118762,730,33920,1,7,2,3360,71196,0.66,1
64,66163,723,12156,4,3,2,2773,95057,0.16,1
25,118511,631,12108,16,9,1,3490,38409,0.69,1
57,86435,737,32845,5,5,3,3010,34470,0.13,1
61,31653,473,3800,1,9,3,736,18385,0.43,0
36,47961,826,39078,3,7,1,1644,23296,0.25,1
59,101941,325,43712,21,7,3,3753,61716,0.75,1
58,94137,705,3610,25,6,0,4282,89152,0.26,1
54,53662,531,13067,10,2,3,1266,26382,0.88,1
23,118818,832,34872,7,9,1,3181,76675,0.89,1
43,76446,849,11728,11,6,3,3165,97596,0.2,1
51,41288,804,30566,7,8,4,2259,22419,0.61,1
62,115081,478,30783,10,1,2,3991,93321,0.09,1
23,56877,431,21583,21,5,0,3315,81238,0.39,1
54,35313,754,21238,19,1,4,4013,94753,0.71,1
50,100885,647,8263,7,8,4,995,39291,0.66,1
39,92715,839,2914,28,8,1,3680,12397,0.62,1
38,30326,705,24749,7,1,2,4430,57888,0.28,1
23,21560,375,20456,25,9,2,2572,35169,0.38,1
23,99148,791,26582,29,2,0,837,62182,0.1,1
21,103186,493,1406,16,9,1,4449,92476,0.72,1
47,46745,461,14689,19,1,0,3608,42249,0.5,0
28,51890,646,33934,19,9,3,2317,28341,0.71,1
47,40022,660,34276,22,4,4,636,75603,0.25,1
48,72579,386,37432,15,9,0,3055,46144,0.32,1
41,90316,561,20873,13,7,4,4915,61772,0.33,1
26,103847,513,14050,29,6,1,1415,79360,0.03,1
20,48380,561,1680,10,5,3,4038,13444,0.34,1
48,22356,582,19908,6,9,1,2600,45647,0.8,0
57,90326,766,19504,15,2,3,3407,98843,0.9,1
54,112447,679,22644,12,2,3,3414,10974,0.52,1
53,109899,661,38125,26,9,4,2482,38383,0.46,1
41,40049,748,2363,14,3,1,4370,94826,0.03,1
48,95717,740,43291,23,8,1,4067,81552,0.88,1
23,36082,392,36060,15,9,0,1498,97648,0.01,1
19,20661,723,2538,26,8,1,2647,94049,0.94,1
37,57412,441,37176,20,4,0,895,2956,0.49,1
45,22920,590,42520,22,1,2,4098,8077,0.34,0
28,111194,731,26675,23,4,2,1438,36490,0.92,1
21,80315,348,19287,8,9,2,2136,55612,0.02,1
32,99561,601,1174,2,2,1,3224,36159,0.58,1
23,28946,489,27732,18,3,1,3010,39710,0.55,0
47,114242,435,35998,19,8,0,2149,83536,0.22,1
55,65500,703,38055,4,6,3,4190,13806,0.43,1
19,36309,640,13112,9,8,0,3935,78345,0.65,1
32,75230,617,40874,16,7,2,3701,80391,0.73,1
28,118656,662,10689,14,5,0,4679,94924,0.0,1
25,50027,681,45814,22,9,3,4866,6458,0.94,1
43,92541,532,20555,24,4,1,2791,35524,0.16,1
62,79321,643,34919,7,6,0,4983,6853,0.23,1
61,20956,848,8619,14,2,2,713,40477,0.26,1
22,94131,828,7033,20,2,2,3737,32222,0.04,1
23,67908,482,42328,29,2,1,4362,18320,0.12,1
43,98339,340,5946,13,7,0,558,94154,0.99,1
21,45963,696,25618,19,2,3,3430,52243,0.32,1
36,59443,793,35675,27,2,1,3471,45615,0.12,1
37,119259,632,37258,6,9,0,2027,17352,0.11,1
50,59063,426,19919,20,7,4,622,72833,0.72,1
37,100818,300,5173,22,3,2,4219,93476,0.85,1
29,24703,467,44833,11,3,3,1936,3203,0.26,0
64,85128,318,27400,16,7,3,1662,39267,0.02,1
18,92099,631,5769,16,5,3,3800,37941,0.22,1
43,45849,755,38564,9,6,2,3845,82809,0.06,1
31,51860,408,46814,29,8,0,2986,25368,0.1,1
55,51585,567,15211,28,9,1,1061,77186,0.43,1
54,42015,744,24255,18,1,0,4481,30984,0.23,1
28,97539,539,28962,13,3,1,2237,41941,0.52,1
53,63585,600,20356,10,7,3,1404,72918,0.25,1
30,46958,402,21306,1,6,0,4054,52683,0.94,0
60,46017,549,5997,17,7,3,4990,801,0.91,0
20,96707,752,18376,6,8,4,2226,47965,0.57,1
50,65350,819,41880,11,6,3,3423,85269,0.35,1
23,32201,452,39055,25,3,3,4031,9969,0.38,0
27,49426,473,11578,1,2,1,4406,35969,0.41,0
22,37778,642,19624,26,7,4,1434,82269,0.73,1
40,65241,730,40194,19,1,3,574,32449,0.45,1
27,62229,623,45367,17,3,3,794,91679,0.86,1
61,106652,719,1389,5,4,4,520,25705,0.94,1
19,68364,784,34767,23,1,4,3742,60303,0.34,1
